query_drug,generic_name,rxcui,spl_set_id,source_section,source_text,source_url,has_number,constraint_var,constraint_op,constraint_value,unit,curator,curator_note
metformin,SITAGLIPTIN AND METFORMIN HYDROCHLORIDE,"861769,861819,2677162,2677164",0098dec4-f0e5-45d5-8aa4-5d0faf9ab142,contraindications,"4 CONTRAINDICATIONS Severe renal impairment: (eGFR below 30 mL/min/1.73 m 2 ) ( 4) Metabolic acidosis, including diabetic ketoacidosis.",https://api.fda.gov/drug/label.json?search=openfda.spl_set_id:%220098dec4-f0e5-45d5-8aa4-5d0faf9ab142%22,True,egfr,<,30,mL/min/1.73m2,auto:curate_thresholds.py,metformin_renal: attested_exact in [contraindications]. NOT human-verified.
metformin,SITAGLIPTIN AND METFORMIN HYDROCHLORIDE,"861769,861819,2677162,2677164",0098dec4-f0e5-45d5-8aa4-5d0faf9ab142,contraindications,"( 4 ) History of a serious hypersensitivity reaction to ZITUVIMET, sitagliptin, or metformin, such as anaphylaxis or angioedema.",https://api.fda.gov/drug/label.json?search=openfda.spl_set_id:%220098dec4-f0e5-45d5-8aa4-5d0faf9ab142%22,True,,,,,,
metformin,SITAGLIPTIN AND METFORMIN HYDROCHLORIDE,"861769,861819,2677162,2677164",0098dec4-f0e5-45d5-8aa4-5d0faf9ab142,contraindications,(4) ZITUVIMET is contraindicated in patients with: Severe renal impairment (eGFR below 30 mL/min/1.73 m 2 ) [see Warnings and Precautions ( 5.1 )].,https://api.fda.gov/drug/label.json?search=openfda.spl_set_id:%220098dec4-f0e5-45d5-8aa4-5d0faf9ab142%22,True,,,,,,
metformin,SITAGLIPTIN AND METFORMIN HYDROCHLORIDE,"861769,861819,2677162,2677164",0098dec4-f0e5-45d5-8aa4-5d0faf9ab142,contraindications,"Acute or chronic metabolic acidosis, including diabetic ketoacidosis.",https://api.fda.gov/drug/label.json?search=openfda.spl_set_id:%220098dec4-f0e5-45d5-8aa4-5d0faf9ab142%22,False,,,,,,
metformin,SITAGLIPTIN AND METFORMIN HYDROCHLORIDE,"861769,861819,2677162,2677164",0098dec4-f0e5-45d5-8aa4-5d0faf9ab142,contraindications,"History of a serious hypersensitivity reaction to sitagliptin, metformin, or any of the excipients in ZITUVIMET.",https://api.fda.gov/drug/label.json?search=openfda.spl_set_id:%220098dec4-f0e5-45d5-8aa4-5d0faf9ab142%22,False,,,,,,
metformin,SITAGLIPTIN AND METFORMIN HYDROCHLORIDE,"861769,861819,2677162,2677164",0098dec4-f0e5-45d5-8aa4-5d0faf9ab142,contraindications,Serious hypersensitivity reactions including anaphylaxis or angioedema have been reported. [see Warnings and Precautions ( 5.7 ) and Adverse Reactions ( 6.2 )].,https://api.fda.gov/drug/label.json?search=openfda.spl_set_id:%220098dec4-f0e5-45d5-8aa4-5d0faf9ab142%22,True,,,,,,
metformin,SITAGLIPTIN AND METFORMIN HYDROCHLORIDE,"861769,861819,2677162,2677164",0098dec4-f0e5-45d5-8aa4-5d0faf9ab142,boxed_warning,WARNING: LACTIC ACIDOSIS WARNING: LACTIC ACIDOSIS See full prescribing information for complete boxed warning .,https://api.fda.gov/drug/label.json?search=openfda.spl_set_id:%220098dec4-f0e5-45d5-8aa4-5d0faf9ab142%22,False,,,,,,
metformin,SITAGLIPTIN AND METFORMIN HYDROCHLORIDE,"861769,861819,2677162,2677164",0098dec4-f0e5-45d5-8aa4-5d0faf9ab142,boxed_warning,"Postmarketing cases of metformin-associated lactic acidosis have resulted in death, hypothermia, hypotension, and resistant bradyarrhythmias.",https://api.fda.gov/drug/label.json?search=openfda.spl_set_id:%220098dec4-f0e5-45d5-8aa4-5d0faf9ab142%22,False,,,,,,
metformin,SITAGLIPTIN AND METFORMIN HYDROCHLORIDE,"861769,861819,2677162,2677164",0098dec4-f0e5-45d5-8aa4-5d0faf9ab142,boxed_warning,"Symptoms included malaise, myalgias, respiratory distress, somnolence, and abdominal pain.",https://api.fda.gov/drug/label.json?search=openfda.spl_set_id:%220098dec4-f0e5-45d5-8aa4-5d0faf9ab142%22,False,,,,,,
metformin,SITAGLIPTIN AND METFORMIN HYDROCHLORIDE,"861769,861819,2677162,2677164",0098dec4-f0e5-45d5-8aa4-5d0faf9ab142,boxed_warning,"Laboratory abnormalities included elevated blood lactate levels, anion gap acidosis, increased lactate/pyruvate ratio, and metformin plasma levels generally >5 mcg/mL.",https://api.fda.gov/drug/label.json?search=openfda.spl_set_id:%220098dec4-f0e5-45d5-8aa4-5d0faf9ab142%22,True,,,,,,
metformin,SITAGLIPTIN AND METFORMIN HYDROCHLORIDE,"861769,861819,2677162,2677164",0098dec4-f0e5-45d5-8aa4-5d0faf9ab142,boxed_warning,"( 5.1 ) Risk factors include renal impairment, concomitant use of certain drugs, age ≥65 years old, radiological studies with contrast, surgery and other procedures, hypoxic states, excessive alcohol intake, and hepatic impairment.",https://api.fda.gov/drug/label.json?search=openfda.spl_set_id:%220098dec4-f0e5-45d5-8aa4-5d0faf9ab142%22,True,,,,,,
metformin,SITAGLIPTIN AND METFORMIN HYDROCHLORIDE,"861769,861819,2677162,2677164",0098dec4-f0e5-45d5-8aa4-5d0faf9ab142,boxed_warning,Steps to reduce the risk of and manage metformin-associated lactic acidosis in these high-risk groups are provided in the Full Prescribing Information.,https://api.fda.gov/drug/label.json?search=openfda.spl_set_id:%220098dec4-f0e5-45d5-8aa4-5d0faf9ab142%22,False,,,,,,
metformin,SITAGLIPTIN AND METFORMIN HYDROCHLORIDE,"861769,861819,2677162,2677164",0098dec4-f0e5-45d5-8aa4-5d0faf9ab142,boxed_warning,"( 5.1 ) If lactic acidosis is suspected, discontinue ZITUVIMET and institute general supportive measures in a hospital setting.",https://api.fda.gov/drug/label.json?search=openfda.spl_set_id:%220098dec4-f0e5-45d5-8aa4-5d0faf9ab142%22,True,,,,,,
metformin,SITAGLIPTIN AND METFORMIN HYDROCHLORIDE,"861769,861819,2677162,2677164",0098dec4-f0e5-45d5-8aa4-5d0faf9ab142,boxed_warning,Prompt hemodialysis is recommended.,https://api.fda.gov/drug/label.json?search=openfda.spl_set_id:%220098dec4-f0e5-45d5-8aa4-5d0faf9ab142%22,False,,,,,,
metformin,SITAGLIPTIN AND METFORMIN HYDROCHLORIDE,"861769,861819,2677162,2677164",0098dec4-f0e5-45d5-8aa4-5d0faf9ab142,boxed_warning,"( 5.1 ) Postmarketing cases of metformin-associated lactic acidosis have resulted in death, hypothermia, hypotension, and resistant bradyarrhythmias.",https://api.fda.gov/drug/label.json?search=openfda.spl_set_id:%220098dec4-f0e5-45d5-8aa4-5d0faf9ab142%22,True,,,,,,
metformin,SITAGLIPTIN AND METFORMIN HYDROCHLORIDE,"861769,861819,2677162,2677164",0098dec4-f0e5-45d5-8aa4-5d0faf9ab142,boxed_warning,"The onset of metformin-associated lactic acidosis is often subtle, accompanied only by nonspecific symptoms such as malaise, myalgias, respiratory distress, somnolence, and abdominal pain.",https://api.fda.gov/drug/label.json?search=openfda.spl_set_id:%220098dec4-f0e5-45d5-8aa4-5d0faf9ab142%22,False,,,,,,
metformin,SITAGLIPTIN AND METFORMIN HYDROCHLORIDE,"861769,861819,2677162,2677164",0098dec4-f0e5-45d5-8aa4-5d0faf9ab142,boxed_warning,"Metformin-associated lactic acidosis was characterized by elevated blood lactate levels (>5 mmol/Liter), anion gap acidosis (without evidence of ketonuria or ketonemia), an increased lactate/pyruvate ratio, and metformin plasma levels generally >5 mcg/mL [see Warnings and Precautions ( 5.1 )] .",https://api.fda.gov/drug/label.json?search=openfda.spl_set_id:%220098dec4-f0e5-45d5-8aa4-5d0faf9ab142%22,True,,,,,,
metformin,SITAGLIPTIN AND METFORMIN HYDROCHLORIDE,"861769,861819,2677162,2677164",0098dec4-f0e5-45d5-8aa4-5d0faf9ab142,boxed_warning,"Risk factors for metformin-associated lactic acidosis include renal impairment, concomitant use of certain drugs (e.g., carbonic anhydrase inhibitors such as topiramate), age 65 years old or greater, having a radiological study with contrast, surgery and other procedures, hypoxic states (e.g., acute congestive heart failure), excessive alcohol intake, and hepatic impairment.",https://api.fda.gov/drug/label.json?search=openfda.spl_set_id:%220098dec4-f0e5-45d5-8aa4-5d0faf9ab142%22,True,,,,,,
metformin,SITAGLIPTIN AND METFORMIN HYDROCHLORIDE,"861769,861819,2677162,2677164",0098dec4-f0e5-45d5-8aa4-5d0faf9ab142,drug_interactions,"7 DRUG INTERACTIONS Table 4 presents clinically significant drug interactions with ZITUVIMET: Table 4: Clinically Significant Drug Interactions with ZITUVIMET Carbonic Anhydrase Inhibitors Clinical Impact: Carbonic anhydrase inhibitors frequently cause a decrease in serum bicarbonate and induce non-anion gap, hyperchloremic metabolic acidosis.",https://api.fda.gov/drug/label.json?search=openfda.spl_set_id:%220098dec4-f0e5-45d5-8aa4-5d0faf9ab142%22,True,,,,,,
metformin,SITAGLIPTIN AND METFORMIN HYDROCHLORIDE,"861769,861819,2677162,2677164",0098dec4-f0e5-45d5-8aa4-5d0faf9ab142,drug_interactions,Concomitant use of these drugs with ZITUVIMET may increase the risk for lactic acidosis.,https://api.fda.gov/drug/label.json?search=openfda.spl_set_id:%220098dec4-f0e5-45d5-8aa4-5d0faf9ab142%22,False,,,,,,
metformin,SITAGLIPTIN AND METFORMIN HYDROCHLORIDE,"861769,861819,2677162,2677164",0098dec4-f0e5-45d5-8aa4-5d0faf9ab142,drug_interactions,Intervention: Consider more frequent monitoring of these patients.,https://api.fda.gov/drug/label.json?search=openfda.spl_set_id:%220098dec4-f0e5-45d5-8aa4-5d0faf9ab142%22,False,,,,,,
metformin,SITAGLIPTIN AND METFORMIN HYDROCHLORIDE,"861769,861819,2677162,2677164",0098dec4-f0e5-45d5-8aa4-5d0faf9ab142,drug_interactions,"Examples: Topiramate, zonisamide, acetazolamide or dichlorphenamide.",https://api.fda.gov/drug/label.json?search=openfda.spl_set_id:%220098dec4-f0e5-45d5-8aa4-5d0faf9ab142%22,False,,,,,,
metformin,SITAGLIPTIN AND METFORMIN HYDROCHLORIDE,"861769,861819,2677162,2677164",0098dec4-f0e5-45d5-8aa4-5d0faf9ab142,drug_interactions,"Drugs that Reduce Metformin Clearance Clinical Impact: Concomitant use of drugs that interfere with common renal tubular transport systems involved in the renal elimination of metformin (e.g., organic cationic transporter-2 [OCT 2 ] / multidrug and toxin extrusion [MATE] inhibitors) could increase systemic exposure to metformin and may increase the risk for lactic acidosis [see Clinical Pharmacology ( 12.3 )].",https://api.fda.gov/drug/label.json?search=openfda.spl_set_id:%220098dec4-f0e5-45d5-8aa4-5d0faf9ab142%22,True,,,,,,
metformin,SITAGLIPTIN AND METFORMIN HYDROCHLORIDE,"861769,861819,2677162,2677164",0098dec4-f0e5-45d5-8aa4-5d0faf9ab142,drug_interactions,Intervention: Consider the benefits and risks of concomitant use with ZITUVIMET.,https://api.fda.gov/drug/label.json?search=openfda.spl_set_id:%220098dec4-f0e5-45d5-8aa4-5d0faf9ab142%22,False,,,,,,
metformin,SITAGLIPTIN AND METFORMIN HYDROCHLORIDE,"861769,861819,2677162,2677164",0098dec4-f0e5-45d5-8aa4-5d0faf9ab142,drug_interactions,"Examples: Ranolazine, vandetanib, dolutegravir, and cimetidine.",https://api.fda.gov/drug/label.json?search=openfda.spl_set_id:%220098dec4-f0e5-45d5-8aa4-5d0faf9ab142%22,False,,,,,,
metformin,SITAGLIPTIN AND METFORMIN HYDROCHLORIDE,"861769,861819,2677162,2677164",0098dec4-f0e5-45d5-8aa4-5d0faf9ab142,drug_interactions,Alcohol Clinical Impact: Alcohol is known to potentiate the effect of metformin on lactate metabolism.,https://api.fda.gov/drug/label.json?search=openfda.spl_set_id:%220098dec4-f0e5-45d5-8aa4-5d0faf9ab142%22,False,,,,,,
metformin,SITAGLIPTIN AND METFORMIN HYDROCHLORIDE,"861769,861819,2677162,2677164",0098dec4-f0e5-45d5-8aa4-5d0faf9ab142,drug_interactions,Intervention: Warn patients against alcohol intake while receiving ZITUVIMET.,https://api.fda.gov/drug/label.json?search=openfda.spl_set_id:%220098dec4-f0e5-45d5-8aa4-5d0faf9ab142%22,False,,,,,,
metformin,SITAGLIPTIN AND METFORMIN HYDROCHLORIDE,"861769,861819,2677162,2677164",0098dec4-f0e5-45d5-8aa4-5d0faf9ab142,drug_interactions,"Insulin Secretagogues or Insulin Clinical Impact: Coadministration of ZITUVIMET with an insulin secretagogue (e.g., sulfonylurea) or insulin may increase the risk of hypoglycemia.",https://api.fda.gov/drug/label.json?search=openfda.spl_set_id:%220098dec4-f0e5-45d5-8aa4-5d0faf9ab142%22,False,,,,,,
metformin,SITAGLIPTIN AND METFORMIN HYDROCHLORIDE,"861769,861819,2677162,2677164",0098dec4-f0e5-45d5-8aa4-5d0faf9ab142,drug_interactions,Intervention: Patients receiving an insulin secretagogue or insulin may require lower doses of the insulin secretagogue or insulin.,https://api.fda.gov/drug/label.json?search=openfda.spl_set_id:%220098dec4-f0e5-45d5-8aa4-5d0faf9ab142%22,False,,,,,,
metformin,SITAGLIPTIN AND METFORMIN HYDROCHLORIDE,"861769,861819,2677162,2677164",0098dec4-f0e5-45d5-8aa4-5d0faf9ab142,drug_interactions,Drugs Affecting Glycemic Control Clinical Impact: Certain drugs tend to produce hyperglycemia and may lead to loss of glycemic control.,https://api.fda.gov/drug/label.json?search=openfda.spl_set_id:%220098dec4-f0e5-45d5-8aa4-5d0faf9ab142%22,False,,,,,,
lisinopril,LISINOPRIL AND HYDROCHLOROTHIAZIDE TABLETS,197885,00b266d9-ac4a-e931-e063-6294a90a6a0b,contraindications,CONTRAINDICATIONS Lisinopril and hydrochlorothiazide tablets are contraindicated in patients who are hypersensitive to any component of this product and in patients with a history of angioedema related to previous treatment with an angiotensin converting enzyme inhibitor and in patients with hereditary or idiopathic angioedema.,https://api.fda.gov/drug/label.json?search=openfda.spl_set_id:%2200b266d9-ac4a-e931-e063-6294a90a6a0b%22,False,,,,,,
lisinopril,LISINOPRIL AND HYDROCHLOROTHIAZIDE TABLETS,197885,00b266d9-ac4a-e931-e063-6294a90a6a0b,contraindications,"Because of the hydrochlorothiazide component, this product is contraindicated in patients with anuria or hypersensitivity to other sulfonamide-derived drugs.",https://api.fda.gov/drug/label.json?search=openfda.spl_set_id:%2200b266d9-ac4a-e931-e063-6294a90a6a0b%22,False,,,,,,
lisinopril,LISINOPRIL AND HYDROCHLOROTHIAZIDE TABLETS,197885,00b266d9-ac4a-e931-e063-6294a90a6a0b,contraindications,"Lisinopril and hydrochlorothiazide tablets are contraindicated in combination with a neprilysin inhibitor (e.g., sacubitril).",https://api.fda.gov/drug/label.json?search=openfda.spl_set_id:%2200b266d9-ac4a-e931-e063-6294a90a6a0b%22,False,,,,,,
lisinopril,LISINOPRIL AND HYDROCHLOROTHIAZIDE TABLETS,197885,00b266d9-ac4a-e931-e063-6294a90a6a0b,contraindications,"Do not administer lisinopril and hydrochlorothiazide tablets within 36 hours of switching to or from sacubitril/valsartan, a neprilysin inhibitor (see WARNINGS ).",https://api.fda.gov/drug/label.json?search=openfda.spl_set_id:%2200b266d9-ac4a-e931-e063-6294a90a6a0b%22,True,,,,,,
lisinopril,LISINOPRIL AND HYDROCHLOROTHIAZIDE TABLETS,197885,00b266d9-ac4a-e931-e063-6294a90a6a0b,contraindications,Do not coadminister aliskiren with lisinopril and hydrochlorothiazide tablets in patients with diabetes.,https://api.fda.gov/drug/label.json?search=openfda.spl_set_id:%2200b266d9-ac4a-e931-e063-6294a90a6a0b%22,False,,,,,,
lisinopril,LISINOPRIL AND HYDROCHLOROTHIAZIDE TABLETS,197885,00b266d9-ac4a-e931-e063-6294a90a6a0b,boxed_warning,"WARNING: FETAL TOXICITY When pregnancy is detected, discontinue lisinopril and hydrochlorothiazide tablets as soon as possible.",https://api.fda.gov/drug/label.json?search=openfda.spl_set_id:%2200b266d9-ac4a-e931-e063-6294a90a6a0b%22,False,pregnant,==,,,auto:curate_thresholds.py,acei_pregnancy: attested_qualitative in [boxed_warning]. NOT human-verified.
lisinopril,LISINOPRIL AND HYDROCHLOROTHIAZIDE TABLETS,197885,00b266d9-ac4a-e931-e063-6294a90a6a0b,boxed_warning,Drugs that act directly on the renin-angiotensin system can cause injury and death to the developing fetus.,https://api.fda.gov/drug/label.json?search=openfda.spl_set_id:%2200b266d9-ac4a-e931-e063-6294a90a6a0b%22,False,,,,,,
lisinopril,LISINOPRIL AND HYDROCHLOROTHIAZIDE TABLETS,197885,00b266d9-ac4a-e931-e063-6294a90a6a0b,boxed_warning,"See Warnings, Fetal Toxicity .",https://api.fda.gov/drug/label.json?search=openfda.spl_set_id:%2200b266d9-ac4a-e931-e063-6294a90a6a0b%22,False,,,,,,
lisinopril,LISINOPRIL AND HYDROCHLOROTHIAZIDE TABLETS,197885,00b266d9-ac4a-e931-e063-6294a90a6a0b,drug_interactions,"Drug Interactions Lisinopril Hypotension - Patients on Diuretic Therapy: Patients on diuretics, and especially those in whom diuretic therapy was recently instituted, may occasionally experience an excessive reduction of blood pressure after initiation of therapy with lisinopril.",https://api.fda.gov/drug/label.json?search=openfda.spl_set_id:%2200b266d9-ac4a-e931-e063-6294a90a6a0b%22,False,,,,,,
lisinopril,LISINOPRIL AND HYDROCHLOROTHIAZIDE TABLETS,197885,00b266d9-ac4a-e931-e063-6294a90a6a0b,drug_interactions,The possibility of hypotensive effects with lisinopril can be minimized by either discontinuing the diuretic or increasing the salt intake prior to initiation of treatment with lisinopril.,https://api.fda.gov/drug/label.json?search=openfda.spl_set_id:%2200b266d9-ac4a-e931-e063-6294a90a6a0b%22,False,,,,,,
lisinopril,LISINOPRIL AND HYDROCHLOROTHIAZIDE TABLETS,197885,00b266d9-ac4a-e931-e063-6294a90a6a0b,drug_interactions,"If it is necessary to continue the diuretic, initiate therapy with lisinopril at a dose of 5 mg daily, and provide close medical supervision after the initial dose for at least two hours and until blood pressure has stabilized for at least an additional hour.",https://api.fda.gov/drug/label.json?search=openfda.spl_set_id:%2200b266d9-ac4a-e931-e063-6294a90a6a0b%22,True,,,,,,
lisinopril,LISINOPRIL AND HYDROCHLOROTHIAZIDE TABLETS,197885,00b266d9-ac4a-e931-e063-6294a90a6a0b,drug_interactions,"(See WARNINGS and DOSAGE AND ADMINISTRATION .) When a diuretic is added to the therapy of a patient receiving lisinopril, an additional antihypertensive effect is usually observed.",https://api.fda.gov/drug/label.json?search=openfda.spl_set_id:%2200b266d9-ac4a-e931-e063-6294a90a6a0b%22,False,,,,,,
lisinopril,LISINOPRIL AND HYDROCHLOROTHIAZIDE TABLETS,197885,00b266d9-ac4a-e931-e063-6294a90a6a0b,drug_interactions,"(See DOSAGE AND ADMINISTRATION .) Non-steroidal Anti-inflammatory Agents Including Selective Cyclooxygenase-2 (COX-2) Inhibitors: In patients who are elderly, volume-depleted (including those on diuretic therapy), or with compromised renal function, co-administration of NSAIDs, including selective COX-2 inhibitors, with ACE inhibitors, including lisinopril, may result in deterioration of renal function, including possible acute renal failure.",https://api.fda.gov/drug/label.json?search=openfda.spl_set_id:%2200b266d9-ac4a-e931-e063-6294a90a6a0b%22,True,,,,,,
lisinopril,LISINOPRIL AND HYDROCHLOROTHIAZIDE TABLETS,197885,00b266d9-ac4a-e931-e063-6294a90a6a0b,drug_interactions,These effects are usually reversible.,https://api.fda.gov/drug/label.json?search=openfda.spl_set_id:%2200b266d9-ac4a-e931-e063-6294a90a6a0b%22,False,,,,,,
lisinopril,LISINOPRIL AND HYDROCHLOROTHIAZIDE TABLETS,197885,00b266d9-ac4a-e931-e063-6294a90a6a0b,drug_interactions,Monitor renal function periodically in patients receiving lisinopril and NSAID therapy.,https://api.fda.gov/drug/label.json?search=openfda.spl_set_id:%2200b266d9-ac4a-e931-e063-6294a90a6a0b%22,False,,,,,,
lisinopril,LISINOPRIL AND HYDROCHLOROTHIAZIDE TABLETS,197885,00b266d9-ac4a-e931-e063-6294a90a6a0b,drug_interactions,"The antihypertensive effect of ACE inhibitors, including lisinopril, may be attenuated by NSAIDs.",https://api.fda.gov/drug/label.json?search=openfda.spl_set_id:%2200b266d9-ac4a-e931-e063-6294a90a6a0b%22,False,,,,,,
lisinopril,LISINOPRIL AND HYDROCHLOROTHIAZIDE TABLETS,197885,00b266d9-ac4a-e931-e063-6294a90a6a0b,drug_interactions,"Dual Blockade of the Renin-Angiotensin System (RAS): Dual blockade of the RAS with angiotensin receptor blockers, ACE inhibitors, or direct renin inhibitors (such as aliskiren) is associated with increased risk of hypotension, syncope, hyperkalemia, and changes in renal function (including acute renal failure) compared to monotherapy.",https://api.fda.gov/drug/label.json?search=openfda.spl_set_id:%2200b266d9-ac4a-e931-e063-6294a90a6a0b%22,False,,,,,,
lisinopril,LISINOPRIL AND HYDROCHLOROTHIAZIDE TABLETS,197885,00b266d9-ac4a-e931-e063-6294a90a6a0b,drug_interactions,"The VA NEPHRON trial enrolled 1448 patients with type 2 diabetes, elevated urinary-albumin-to-creatinine ratio, and decreased estimated glomerular filtration rate (GFR 30 to 89.9 ml/min), randomized them to lisinopril or placebo on a background of losartan therapy and followed them for a median of 2.2 years.",https://api.fda.gov/drug/label.json?search=openfda.spl_set_id:%2200b266d9-ac4a-e931-e063-6294a90a6a0b%22,True,,,,,,
lisinopril,LISINOPRIL AND HYDROCHLOROTHIAZIDE TABLETS,197885,00b266d9-ac4a-e931-e063-6294a90a6a0b,drug_interactions,"Patients receiving the combination of losartan and lisinopril did not obtain any additional benefit compared to monotherapy for the combined endpoint of decline in GFR, end state renal disease, or death, but experienced an increased incidence of hyperkalemia and acute kidney injury compared with the monotherapy group.",https://api.fda.gov/drug/label.json?search=openfda.spl_set_id:%2200b266d9-ac4a-e931-e063-6294a90a6a0b%22,False,,,,,,
lisinopril,LISINOPRIL AND HYDROCHLOROTHIAZIDE TABLETS,197885,00b266d9-ac4a-e931-e063-6294a90a6a0b,drug_interactions,"In general, avoid combined use of RAS inhibitors.",https://api.fda.gov/drug/label.json?search=openfda.spl_set_id:%2200b266d9-ac4a-e931-e063-6294a90a6a0b%22,False,,,,,,
propranolol,PROPRANOLOL HYDROCHLORIDE,"856448,856519",013a485a-4227-46ae-b19f-c550302fcb96,contraindications,CONTRAINDICATIONS Propranolol is contraindicated in 1) cardiogenic shock; 2) sinus bradycardia and greater than first degree block; 3) bronchial asthma; and 4) in patients with known hypersensitivity to propranolol hydrochloride.,https://api.fda.gov/drug/label.json?search=openfda.spl_set_id:%22013a485a-4227-46ae-b19f-c550302fcb96%22,True,severe_asthma,==,,,auto:curate_thresholds.py,betablocker_asthma: attested_qualitative in [contraindications]. NOT human-verified.
propranolol,PROPRANOLOL HYDROCHLORIDE,"856448,856519",013a485a-4227-46ae-b19f-c550302fcb96,drug_interactions,"Drug Interactions Caution should be exercised when propranolol is administered with drugs that have an effect on CYP2D6, 1A2, or 2C19 metabolic pathways.",https://api.fda.gov/drug/label.json?search=openfda.spl_set_id:%22013a485a-4227-46ae-b19f-c550302fcb96%22,True,,,,,,
propranolol,PROPRANOLOL HYDROCHLORIDE,"856448,856519",013a485a-4227-46ae-b19f-c550302fcb96,drug_interactions,Co-administration of such drugs with propranolol may lead to clinically relevant drug interactions and changes on its efficacy and/or toxicity (see Drug Interactions in PHARMACOKINETICS AND DRUG METABOLISM ).,https://api.fda.gov/drug/label.json?search=openfda.spl_set_id:%22013a485a-4227-46ae-b19f-c550302fcb96%22,False,,,,,,
propranolol,PROPRANOLOL HYDROCHLORIDE,"856448,856519",013a485a-4227-46ae-b19f-c550302fcb96,drug_interactions,Cardiovascular Drugs Antiarrhythmics Propafenone has negative inotropic and beta-blocking properties that can be additive to those of propranolol.,https://api.fda.gov/drug/label.json?search=openfda.spl_set_id:%22013a485a-4227-46ae-b19f-c550302fcb96%22,False,,,,,,
propranolol,PROPRANOLOL HYDROCHLORIDE,"856448,856519",013a485a-4227-46ae-b19f-c550302fcb96,drug_interactions,Quinidine increases the concentration of propranolol and produces greater degrees of clinical beta-blockade and may cause postural hypotension.,https://api.fda.gov/drug/label.json?search=openfda.spl_set_id:%22013a485a-4227-46ae-b19f-c550302fcb96%22,False,,,,,,
propranolol,PROPRANOLOL HYDROCHLORIDE,"856448,856519",013a485a-4227-46ae-b19f-c550302fcb96,drug_interactions,Amiodarone is an antiarrhythmic agent with negative chronotropic properties that may be additive to those seen with β-blockers such as propranolol.,https://api.fda.gov/drug/label.json?search=openfda.spl_set_id:%22013a485a-4227-46ae-b19f-c550302fcb96%22,False,,,,,,
propranolol,PROPRANOLOL HYDROCHLORIDE,"856448,856519",013a485a-4227-46ae-b19f-c550302fcb96,drug_interactions,The clearance of lidocaine is reduced with administration of propranolol.,https://api.fda.gov/drug/label.json?search=openfda.spl_set_id:%22013a485a-4227-46ae-b19f-c550302fcb96%22,False,,,,,,
propranolol,PROPRANOLOL HYDROCHLORIDE,"856448,856519",013a485a-4227-46ae-b19f-c550302fcb96,drug_interactions,Lidocaine toxicity has been reported following co-administration with propranolol.,https://api.fda.gov/drug/label.json?search=openfda.spl_set_id:%22013a485a-4227-46ae-b19f-c550302fcb96%22,False,,,,,,
propranolol,PROPRANOLOL HYDROCHLORIDE,"856448,856519",013a485a-4227-46ae-b19f-c550302fcb96,drug_interactions,"Caution should be exercised when administering propranolol with drugs that slow A-V nodal conduction, e.g. digitalis, lidocaine and calcium channel blockers.",https://api.fda.gov/drug/label.json?search=openfda.spl_set_id:%22013a485a-4227-46ae-b19f-c550302fcb96%22,False,,,,,,
propranolol,PROPRANOLOL HYDROCHLORIDE,"856448,856519",013a485a-4227-46ae-b19f-c550302fcb96,drug_interactions,Digitalis Glycosides Both digitalis glycosides and beta-blockers slow atrioventricular conduction and decrease heart rate.,https://api.fda.gov/drug/label.json?search=openfda.spl_set_id:%22013a485a-4227-46ae-b19f-c550302fcb96%22,False,,,,,,
propranolol,PROPRANOLOL HYDROCHLORIDE,"856448,856519",013a485a-4227-46ae-b19f-c550302fcb96,drug_interactions,Concomitant use can increase the risk of bradycardia.,https://api.fda.gov/drug/label.json?search=openfda.spl_set_id:%22013a485a-4227-46ae-b19f-c550302fcb96%22,False,,,,,,
propranolol,PROPRANOLOL HYDROCHLORIDE,"856448,856519",013a485a-4227-46ae-b19f-c550302fcb96,drug_interactions,Calcium Channel Blockers Caution should be exercised when patients receiving a beta blocker are administered a calcium-channel-blocking drug with negative inotropic and/or chronotropic effects.,https://api.fda.gov/drug/label.json?search=openfda.spl_set_id:%22013a485a-4227-46ae-b19f-c550302fcb96%22,False,,,,,,
propranolol,PROPRANOLOL HYDROCHLORIDE,"856448,856519",013a485a-4227-46ae-b19f-c550302fcb96,drug_interactions,Both agents may depress myocardial contractility or atrioventricular conduction.,https://api.fda.gov/drug/label.json?search=openfda.spl_set_id:%22013a485a-4227-46ae-b19f-c550302fcb96%22,False,,,,,,
spironolactone,SPIRONOLACTONE,198222,08738ad4-1607-4d55-af71-6790477353bd,contraindications,4 CONTRAINDICATIONS Spironolactone is contraindicated in the patients with: Hyperkalemia Addison’s disease Concomitant use of eplerenone Spironolactone is contraindicated in patients with ( 4 ): Hyperkalemia Addison’s disease Concomitant use of eplerenone,https://api.fda.gov/drug/label.json?search=openfda.spl_set_id:%2208738ad4-1607-4d55-af71-6790477353bd%22,True,,,,,,
spironolactone,SPIRONOLACTONE,198222,08738ad4-1607-4d55-af71-6790477353bd,drug_interactions,"7 DRUG INTERACTIONS Agents increasing serum potassium: Concomitant administration can lead to hyperkalemia ( 5.1 , 7.1 ).",https://api.fda.gov/drug/label.json?search=openfda.spl_set_id:%2208738ad4-1607-4d55-af71-6790477353bd%22,True,,,,,,
spironolactone,SPIRONOLACTONE,198222,08738ad4-1607-4d55-af71-6790477353bd,drug_interactions,Lithium: Increased risk of lithium toxicity ( 7.2 ).,https://api.fda.gov/drug/label.json?search=openfda.spl_set_id:%2208738ad4-1607-4d55-af71-6790477353bd%22,True,,,,,,
spironolactone,SPIRONOLACTONE,198222,08738ad4-1607-4d55-af71-6790477353bd,drug_interactions,"NSAIDs: May reduce the diuretic, natriuretic and antihypertensive effect of spironolactone ( 7.3 ).",https://api.fda.gov/drug/label.json?search=openfda.spl_set_id:%2208738ad4-1607-4d55-af71-6790477353bd%22,True,,,,,,
spironolactone,SPIRONOLACTONE,198222,08738ad4-1607-4d55-af71-6790477353bd,drug_interactions,Digoxin: spironolactone can interfere with radioimmunologic assays of digoxin exposure ( 7.4) .,https://api.fda.gov/drug/label.json?search=openfda.spl_set_id:%2208738ad4-1607-4d55-af71-6790477353bd%22,True,,,,,,
spironolactone,SPIRONOLACTONE,198222,08738ad4-1607-4d55-af71-6790477353bd,drug_interactions,Cholestyramine: Hyperkalemic metabolic acidosis has been reported with concomitant use ( 7.5 ).,https://api.fda.gov/drug/label.json?search=openfda.spl_set_id:%2208738ad4-1607-4d55-af71-6790477353bd%22,True,,,,,,
spironolactone,SPIRONOLACTONE,198222,08738ad4-1607-4d55-af71-6790477353bd,drug_interactions,Acetylsalicylic Acid (ASA): ASA may reduce the efficacy of spironolactone ( 7.6 ) Abiraterone: May increase prostate-specific antigen (PSA) levels ( 7.7 ). 7.1 Drugs and Supplements Increasing Serum Potassium Concomitant administration of spironolactone with potassium supplementation or drugs that can increase potassium may lead to severe hyperkalemia.,https://api.fda.gov/drug/label.json?search=openfda.spl_set_id:%2208738ad4-1607-4d55-af71-6790477353bd%22,True,,,,,,
spironolactone,SPIRONOLACTONE,198222,08738ad4-1607-4d55-af71-6790477353bd,drug_interactions,"In general, discontinue potassium supplementation in heart failure patients who start spironolactone [see Warnings and Precautions (5.1) and Clinical Pharmacology (12.3) ] .",https://api.fda.gov/drug/label.json?search=openfda.spl_set_id:%2208738ad4-1607-4d55-af71-6790477353bd%22,True,,,,,,
spironolactone,SPIRONOLACTONE,198222,08738ad4-1607-4d55-af71-6790477353bd,drug_interactions,Check serum potassium levels when ACE inhibitor or ARB therapy is altered in patients receiving spironolactone.,https://api.fda.gov/drug/label.json?search=openfda.spl_set_id:%2208738ad4-1607-4d55-af71-6790477353bd%22,False,,,,,,
spironolactone,SPIRONOLACTONE,198222,08738ad4-1607-4d55-af71-6790477353bd,drug_interactions,"Examples of drugs that can increase potassium include: ACE inhibitors angiotensin receptor blockers non-steroidal anti-inflammatory drugs (NSAIDs) heparin and low molecular weight heparin trimethoprim 7.2 Lithium Like other diuretics, spironolactone reduces the renal clearance of lithium, thus increasing the risk of lithium toxicity.",https://api.fda.gov/drug/label.json?search=openfda.spl_set_id:%2208738ad4-1607-4d55-af71-6790477353bd%22,True,,,,,,
spironolactone,SPIRONOLACTONE,198222,08738ad4-1607-4d55-af71-6790477353bd,drug_interactions,"Monitor lithium levels periodically when spironolactone is coadministered [see Clinical Pharmacology (12.3) ] . 7.3 Nonsteroidal Anti-Inflammatory Drugs (NSAIDs) In some patients, the administration of an NSAID can reduce the diuretic, natriuretic, and antihypertensive effect of diuretics.",https://api.fda.gov/drug/label.json?search=openfda.spl_set_id:%2208738ad4-1607-4d55-af71-6790477353bd%22,True,,,,,,
spironolactone,SPIRONOLACTONE,198222,08738ad4-1607-4d55-af71-6790477353bd,drug_interactions,"Therefore, when spironolactone and NSAIDs are used concomitantly, monitor closely to determine if the desired effect of the diuretic is obtained [see Clinical Pharmacology (12.3) ] . 7.4 Digoxin Spironolactone and its metabolites interfere with radioimmunoassays for digoxin and increase the apparent exposure to digoxin.",https://api.fda.gov/drug/label.json?search=openfda.spl_set_id:%2208738ad4-1607-4d55-af71-6790477353bd%22,True,,,,,,
spironolactone,SPIRONOLACTONE,198222,08738ad4-1607-4d55-af71-6790477353bd,drug_interactions,"It is unknown to what extent, if any, spironolactone may increase actual digoxin exposure.",https://api.fda.gov/drug/label.json?search=openfda.spl_set_id:%2208738ad4-1607-4d55-af71-6790477353bd%22,False,,,,,,
warfarin,WARFARIN SODIUM,"855288,855296,855302,855312,855318",0cbce382-9c88-4f58-ae0f-532a841e8f95,contraindications,"4 CONTRAINDICATIONS Warfarin sodium is contraindicated in: Pregnancy Warfarin sodium is contraindicated in women who are pregnant except in pregnant women with mechanical heart valves, who are at high risk of thromboembolism [see Warnings and Precautions ( 5.7 ) and Use in Specific Populations ( 8.1 )] .",https://api.fda.gov/drug/label.json?search=openfda.spl_set_id:%220cbce382-9c88-4f58-ae0f-532a841e8f95%22,True,,,,,,
warfarin,WARFARIN SODIUM,"855288,855296,855302,855312,855318",0cbce382-9c88-4f58-ae0f-532a841e8f95,contraindications,Warfarin sodium can cause fetal harm when administered to a pregnant woman.,https://api.fda.gov/drug/label.json?search=openfda.spl_set_id:%220cbce382-9c88-4f58-ae0f-532a841e8f95%22,False,,,,,,
warfarin,WARFARIN SODIUM,"855288,855296,855302,855312,855318",0cbce382-9c88-4f58-ae0f-532a841e8f95,contraindications,"Warfarin sodium exposure during pregnancy causes a recognized pattern of major congenital malformations (warfarin embryopathy and fetotoxicity), fatal fetal hemorrhage, and an increased risk of spontaneous abortion and fetal mortality.",https://api.fda.gov/drug/label.json?search=openfda.spl_set_id:%220cbce382-9c88-4f58-ae0f-532a841e8f95%22,False,,,,,,
warfarin,WARFARIN SODIUM,"855288,855296,855302,855312,855318",0cbce382-9c88-4f58-ae0f-532a841e8f95,contraindications,"If warfarin sodium is used during pregnancy or if the patient becomes pregnant while taking this drug, the patient should be apprised of the potential hazard to a fetus [see Use in Specific Populations ( 8.1 )] .",https://api.fda.gov/drug/label.json?search=openfda.spl_set_id:%220cbce382-9c88-4f58-ae0f-532a841e8f95%22,True,,,,,,
warfarin,WARFARIN SODIUM,"855288,855296,855302,855312,855318",0cbce382-9c88-4f58-ae0f-532a841e8f95,contraindications,"Warfarin sodium is contraindicated in patients with: Hemorrhagic tendencies or blood dyscrasias Recent or contemplated surgery of the central nervous system or eye, or traumatic surgery resulting in large open surfaces [see Warnings and Precautions ( 5.8 )] Bleeding tendencies associated with: − Active ulceration or overt bleeding of the gastrointestinal, genitourinary, or respiratory tract − Central nervous system hemorrhage − Cerebral aneurysms, dissecting aorta − Pericarditis and pericardial effusions − Bacterial endocarditis Threatened abortion, eclampsia, and preeclampsia Unsupervised patients with conditions associated with potential high level of non-compliance Spinal puncture and other diagnostic or therapeutic procedures with potential for uncontrollable bleeding Hypersensitivity to warfarin or to any other components of this product (e.g., anaphylaxis) [see Adverse Reactions ( 6 )] Major regional or lumbar block anesthesia Malignant hypertension Pregnancy, except in women with mechanical heart valves ( 4 , 5.7 , 8.1 ) Hemorrhagic tendencies or blood dyscrasias ( 4 ) Recent or contemplated surgery of the central nervous system (CNS) or eye, or traumatic surgery resulting in large open surfaces ( 4 , 5.8 ) Bleeding tendencies associated with certain conditions ( 4 ) Threatened abortion, eclampsia, and preeclampsia ( 4 ) Unsupervised patients with potential high levels of non-compliance ( 4 ) Spinal puncture and other diagnostic or therapeutic procedures with potential for uncontrollable bleeding ( 4 ) Hypersensitivity to warfarin or any component of the product ( 4 ) Major regional or lumbar block anesthesia ( 4 ) Malignant hypertension ( 4 )",https://api.fda.gov/drug/label.json?search=openfda.spl_set_id:%220cbce382-9c88-4f58-ae0f-532a841e8f95%22,True,,,,,,
warfarin,WARFARIN SODIUM,"855288,855296,855302,855312,855318",0cbce382-9c88-4f58-ae0f-532a841e8f95,boxed_warning,WARNING: BLEEDING RISK Warfarin sodium can cause major or fatal bleeding [see Warnings and Precautions ( 5.1 )] .,https://api.fda.gov/drug/label.json?search=openfda.spl_set_id:%220cbce382-9c88-4f58-ae0f-532a841e8f95%22,True,,,,,,
warfarin,WARFARIN SODIUM,"855288,855296,855302,855312,855318",0cbce382-9c88-4f58-ae0f-532a841e8f95,boxed_warning,Perform regular monitoring of INR in all treated patients [see Dosage and Administration ( 2.1 )] .,https://api.fda.gov/drug/label.json?search=openfda.spl_set_id:%220cbce382-9c88-4f58-ae0f-532a841e8f95%22,True,,,,,,
warfarin,WARFARIN SODIUM,"855288,855296,855302,855312,855318",0cbce382-9c88-4f58-ae0f-532a841e8f95,boxed_warning,"Drugs, dietary changes, and other factors affect INR levels achieved with warfarin sodium therapy [see Drug Interactions ( 7 )] .",https://api.fda.gov/drug/label.json?search=openfda.spl_set_id:%220cbce382-9c88-4f58-ae0f-532a841e8f95%22,True,,,,,,
warfarin,WARFARIN SODIUM,"855288,855296,855302,855312,855318",0cbce382-9c88-4f58-ae0f-532a841e8f95,boxed_warning,Instruct patients about prevention measures to minimize risk of bleeding and to report signs and symptoms of bleeding [see Patient Counseling Information ( 17 )] .,https://api.fda.gov/drug/label.json?search=openfda.spl_set_id:%220cbce382-9c88-4f58-ae0f-532a841e8f95%22,True,,,,,,
warfarin,WARFARIN SODIUM,"855288,855296,855302,855312,855318",0cbce382-9c88-4f58-ae0f-532a841e8f95,boxed_warning,WARNING: BLEEDING RISK See full prescribing information for complete boxed warning.,https://api.fda.gov/drug/label.json?search=openfda.spl_set_id:%220cbce382-9c88-4f58-ae0f-532a841e8f95%22,False,,,,,,
warfarin,WARFARIN SODIUM,"855288,855296,855302,855312,855318",0cbce382-9c88-4f58-ae0f-532a841e8f95,boxed_warning,Warfarin sodium can cause major or fatal bleeding.,https://api.fda.gov/drug/label.json?search=openfda.spl_set_id:%220cbce382-9c88-4f58-ae0f-532a841e8f95%22,False,,,,,,
warfarin,WARFARIN SODIUM,"855288,855296,855302,855312,855318",0cbce382-9c88-4f58-ae0f-532a841e8f95,boxed_warning,( 5.1 ) Perform regular monitoring of INR in all treated patients.,https://api.fda.gov/drug/label.json?search=openfda.spl_set_id:%220cbce382-9c88-4f58-ae0f-532a841e8f95%22,True,,,,,,
warfarin,WARFARIN SODIUM,"855288,855296,855302,855312,855318",0cbce382-9c88-4f58-ae0f-532a841e8f95,boxed_warning,"( 2.1 ) Drugs, dietary changes, and other factors affect INR levels achieved with warfarin sodium therapy.",https://api.fda.gov/drug/label.json?search=openfda.spl_set_id:%220cbce382-9c88-4f58-ae0f-532a841e8f95%22,True,,,,,,
warfarin,WARFARIN SODIUM,"855288,855296,855302,855312,855318",0cbce382-9c88-4f58-ae0f-532a841e8f95,boxed_warning,( 7 ) Instruct patients about prevention measures to minimize risk of bleeding and to report signs and symptoms of bleeding.,https://api.fda.gov/drug/label.json?search=openfda.spl_set_id:%220cbce382-9c88-4f58-ae0f-532a841e8f95%22,True,,,,,,
warfarin,WARFARIN SODIUM,"855288,855296,855302,855312,855318",0cbce382-9c88-4f58-ae0f-532a841e8f95,boxed_warning,( 17 ),https://api.fda.gov/drug/label.json?search=openfda.spl_set_id:%220cbce382-9c88-4f58-ae0f-532a841e8f95%22,True,,,,,,
warfarin,WARFARIN SODIUM,"855288,855296,855302,855312,855318",0cbce382-9c88-4f58-ae0f-532a841e8f95,drug_interactions,"7 DRUG INTERACTIONS Concomitant use of drugs that increase bleeding risk, antibiotics, antifungals, botanical (herbal) products, and inhibitors and inducers of CYP2C9, 1A2, or 3A4.",https://api.fda.gov/drug/label.json?search=openfda.spl_set_id:%220cbce382-9c88-4f58-ae0f-532a841e8f95%22,True,,,,,,
warfarin,WARFARIN SODIUM,"855288,855296,855302,855312,855318",0cbce382-9c88-4f58-ae0f-532a841e8f95,drug_interactions,( 7 ) Consult labeling of all concurrently used drugs for complete information about interactions with warfarin sodium or increased risks for bleeding.,https://api.fda.gov/drug/label.json?search=openfda.spl_set_id:%220cbce382-9c88-4f58-ae0f-532a841e8f95%22,True,,,,,,
warfarin,WARFARIN SODIUM,"855288,855296,855302,855312,855318",0cbce382-9c88-4f58-ae0f-532a841e8f95,drug_interactions,( 7 ) 7.1 General Information Drugs may interact with warfarin sodium through pharmacodynamic or pharmacokinetic mechanisms.,https://api.fda.gov/drug/label.json?search=openfda.spl_set_id:%220cbce382-9c88-4f58-ae0f-532a841e8f95%22,True,,,,,,
warfarin,WARFARIN SODIUM,"855288,855296,855302,855312,855318",0cbce382-9c88-4f58-ae0f-532a841e8f95,drug_interactions,"Pharmacodynamic mechanisms for drug interactions with warfarin sodium are synergism (impaired hemostasis, reduced clotting factor synthesis), competitive antagonism (vitamin K), and alteration of the physiologic control loop for vitamin K metabolism (hereditary resistance).",https://api.fda.gov/drug/label.json?search=openfda.spl_set_id:%220cbce382-9c88-4f58-ae0f-532a841e8f95%22,False,,,,,,
warfarin,WARFARIN SODIUM,"855288,855296,855302,855312,855318",0cbce382-9c88-4f58-ae0f-532a841e8f95,drug_interactions,"Pharmacokinetic mechanisms for drug interactions with warfarin sodium are mainly enzyme induction, enzyme inhibition, and reduced plasma protein binding.",https://api.fda.gov/drug/label.json?search=openfda.spl_set_id:%220cbce382-9c88-4f58-ae0f-532a841e8f95%22,False,,,,,,
warfarin,WARFARIN SODIUM,"855288,855296,855302,855312,855318",0cbce382-9c88-4f58-ae0f-532a841e8f95,drug_interactions,It is important to note that some drugs may interact by more than one mechanism.,https://api.fda.gov/drug/label.json?search=openfda.spl_set_id:%220cbce382-9c88-4f58-ae0f-532a841e8f95%22,False,,,,,,
warfarin,WARFARIN SODIUM,"855288,855296,855302,855312,855318",0cbce382-9c88-4f58-ae0f-532a841e8f95,drug_interactions,"More frequent INR monitoring should be performed when starting or stopping other drugs, including botanicals, or when changing dosages of other drugs, including drugs intended for short-term use (e.g., antibiotics, antifungals, corticosteroids) [ see Boxed Warning ].",https://api.fda.gov/drug/label.json?search=openfda.spl_set_id:%220cbce382-9c88-4f58-ae0f-532a841e8f95%22,False,,,,,,
warfarin,WARFARIN SODIUM,"855288,855296,855302,855312,855318",0cbce382-9c88-4f58-ae0f-532a841e8f95,drug_interactions,"Consult the labeling of all concurrently used drugs to obtain further information about interactions with warfarin sodium or adverse reactions pertaining to bleeding. 7.2 CYP450 Interactions CYP450 isozymes involved in the metabolism of warfarin include CYP2C9, 2C19, 2C8, 2C18, 1A2, and 3A4.",https://api.fda.gov/drug/label.json?search=openfda.spl_set_id:%220cbce382-9c88-4f58-ae0f-532a841e8f95%22,True,,,,,,
warfarin,WARFARIN SODIUM,"855288,855296,855302,855312,855318",0cbce382-9c88-4f58-ae0f-532a841e8f95,drug_interactions,The more potent warfarin S -enantiomer is metabolized by CYP2C9 while the R -enantiomer is metabolized by CYP1A2 and 3A4.,https://api.fda.gov/drug/label.json?search=openfda.spl_set_id:%220cbce382-9c88-4f58-ae0f-532a841e8f95%22,True,,,,,,
warfarin,WARFARIN SODIUM,"855288,855296,855302,855312,855318",0cbce382-9c88-4f58-ae0f-532a841e8f95,drug_interactions,"Inhibitors of CYP2C9, 1A2, and/or 3A4 have the potential to increase the effect (increase INR) of warfarin by increasing the exposure of warfarin.",https://api.fda.gov/drug/label.json?search=openfda.spl_set_id:%220cbce382-9c88-4f58-ae0f-532a841e8f95%22,True,,,,,,
warfarin,WARFARIN SODIUM,"855288,855296,855302,855312,855318",0cbce382-9c88-4f58-ae0f-532a841e8f95,drug_interactions,"Inducers of CYP2C9, 1A2, and/or 3A4 have the potential to decrease the effect (decrease INR) of warfarin by decreasing the exposure of warfarin.",https://api.fda.gov/drug/label.json?search=openfda.spl_set_id:%220cbce382-9c88-4f58-ae0f-532a841e8f95%22,True,,,,,,
warfarin,WARFARIN SODIUM,"855288,855296,855302,855312,855318",0cbce382-9c88-4f58-ae0f-532a841e8f95,drug_interactions,"Examples of inhibitors and inducers of CYP2C9, 1A2, and 3A4 are below in Table 2 ; however, this list should not be considered all-inclusive.",https://api.fda.gov/drug/label.json?search=openfda.spl_set_id:%220cbce382-9c88-4f58-ae0f-532a841e8f95%22,True,,,,,,
simvastatin,SIMVASTATIN,198211,00896fff-081d-4553-be8c-1999a8a73dda,contraindications,"4 CONTRAINDICATIONS Simvastatin is contraindicated in the following conditions: Concomitant use of strong CYP3A4 inhibitors (select azole anti-fungals, macrolide antibiotics, anti-viral medications, and nefazodone) [see DRUG INTERACTIONS ( 7.1 )].",https://api.fda.gov/drug/label.json?search=openfda.spl_set_id:%2200896fff-081d-4553-be8c-1999a8a73dda%22,True,clarithromycin,==,,,auto:curate_thresholds.py,statin_macrolide: attested_qualitative in [contraindications]. NOT human-verified.
simvastatin,SIMVASTATIN,198211,00896fff-081d-4553-be8c-1999a8a73dda,contraindications,"Concomitant use of cyclosporine, danazol or gemfibrozil [see DRUG INTERACTIONS ( 7.1 )].",https://api.fda.gov/drug/label.json?search=openfda.spl_set_id:%2200896fff-081d-4553-be8c-1999a8a73dda%22,True,,,,,,
simvastatin,SIMVASTATIN,198211,00896fff-081d-4553-be8c-1999a8a73dda,contraindications,Acute liver failure or decompensated cirrhosis [see WARNINGS AND PRECAUTIONS ( 5.3 )] Hypersensitivity to simvastatin or any excipients in simvastatin tablets USP.,https://api.fda.gov/drug/label.json?search=openfda.spl_set_id:%2200896fff-081d-4553-be8c-1999a8a73dda%22,True,,,,,,
simvastatin,SIMVASTATIN,198211,00896fff-081d-4553-be8c-1999a8a73dda,contraindications,"Hypersensitivity reactions, including anaphylaxis, angioedema and Stevens-Johnson syndrome, have been reported [see ADVERSE REACTIONS ( 6.2 )] Concomitant use of strong CYP3A4 inhibitors (select azole anti-fungals, macrolide antibiotics, anti-viral medications, and nefazodone) ( 4 , 7.1 ) Concomitant use of cyclosporine, danazol or gemfibrozil ( 4 , 7.1 ) Acute liver failure or decompensated cirrhosis ( 4 , 5.3 ) Hypersensitivity to simvastatin or any excipient in simvastatin tablets USP ( 4 , 6.2 )",https://api.fda.gov/drug/label.json?search=openfda.spl_set_id:%2200896fff-081d-4553-be8c-1999a8a73dda%22,True,,,,,,
simvastatin,SIMVASTATIN,198211,00896fff-081d-4553-be8c-1999a8a73dda,drug_interactions,7 DRUG INTERACTIONS See full prescribing information for details regarding concomitant use of simvastatin with other drugs or grapefruit juice that increase the risk of myopathy and rhabdomyolysis.,https://api.fda.gov/drug/label.json?search=openfda.spl_set_id:%2200896fff-081d-4553-be8c-1999a8a73dda%22,True,,,,,,
simvastatin,SIMVASTATIN,198211,00896fff-081d-4553-be8c-1999a8a73dda,drug_interactions,"( 2.5 , 7.1 ) Coumarin Anticoagulants: Obtain INR before simvastatin initiation and monitor INR during simvastatin dosage initiation or adjustment.",https://api.fda.gov/drug/label.json?search=openfda.spl_set_id:%2200896fff-081d-4553-be8c-1999a8a73dda%22,True,,,,,,
simvastatin,SIMVASTATIN,198211,00896fff-081d-4553-be8c-1999a8a73dda,drug_interactions,"( 7.2 ) Digoxin: During simvastatin initiation, monitor digoxin levels.",https://api.fda.gov/drug/label.json?search=openfda.spl_set_id:%2200896fff-081d-4553-be8c-1999a8a73dda%22,True,,,,,,
simvastatin,SIMVASTATIN,198211,00896fff-081d-4553-be8c-1999a8a73dda,drug_interactions,( 7.2 ) 7.1 Drug Interactions that Increase the Risk of Myopathy and Rhabdomyolysis with Simvastatin Simvastatin is a substrate of CYP3A4 and of the transport protein OATP1B1.,https://api.fda.gov/drug/label.json?search=openfda.spl_set_id:%2200896fff-081d-4553-be8c-1999a8a73dda%22,True,,,,,,
simvastatin,SIMVASTATIN,198211,00896fff-081d-4553-be8c-1999a8a73dda,drug_interactions,Simvastatin exposure can be significantly increased with concomitant administration of inhibitors of CYP3A4 and OATP1B1.,https://api.fda.gov/drug/label.json?search=openfda.spl_set_id:%2200896fff-081d-4553-be8c-1999a8a73dda%22,True,,,,,,
simvastatin,SIMVASTATIN,198211,00896fff-081d-4553-be8c-1999a8a73dda,drug_interactions,Table 2 includes a list of drugs that increase the risk of myopathy and rhabdomyolysis when used concomitantly with simvastatin and instructions for preventing or managing them [see WARNINGS AND PRECAUTIONS ( 5.1 ) AND CLINICAL PHARMACOLOGY ( 12.3 )] .,https://api.fda.gov/drug/label.json?search=openfda.spl_set_id:%2200896fff-081d-4553-be8c-1999a8a73dda%22,True,,,,,,
simvastatin,SIMVASTATIN,198211,00896fff-081d-4553-be8c-1999a8a73dda,drug_interactions,Table 2: Drug Interactions that Increase the Risk of Myopathy and Rhabdomyolysis with Simvastatin Strong CYP3A4 inhibitors Clinical Impact: Simvastatin is a substrate of CYP3A4.,https://api.fda.gov/drug/label.json?search=openfda.spl_set_id:%2200896fff-081d-4553-be8c-1999a8a73dda%22,True,,,,,,
simvastatin,SIMVASTATIN,198211,00896fff-081d-4553-be8c-1999a8a73dda,drug_interactions,"Concomitant use of strong CYP3A4 inhibitors with simvastatin increases simvastatin exposure and increases the risk of myopathy and rhabdomyolysis, particularly with higher simvastatin dosages.",https://api.fda.gov/drug/label.json?search=openfda.spl_set_id:%2200896fff-081d-4553-be8c-1999a8a73dda%22,True,,,,,,
simvastatin,SIMVASTATIN,198211,00896fff-081d-4553-be8c-1999a8a73dda,drug_interactions,Intervention: Concomitant use of strong CYP3A4 inhibitors with Simvastatin is contraindicated [see CONTRAINDICATIONS ( 4 )] .,https://api.fda.gov/drug/label.json?search=openfda.spl_set_id:%2200896fff-081d-4553-be8c-1999a8a73dda%22,True,,,,,,
simvastatin,SIMVASTATIN,198211,00896fff-081d-4553-be8c-1999a8a73dda,drug_interactions,"If treatment with a CYP3A4 inhibitor is unavoidable, suspend simvastatin during the course of strong CYP3A4 inhibitor treatment.",https://api.fda.gov/drug/label.json?search=openfda.spl_set_id:%2200896fff-081d-4553-be8c-1999a8a73dda%22,True,,,,,,
simvastatin,SIMVASTATIN,198211,00896fff-081d-4553-be8c-1999a8a73dda,drug_interactions,"Examples: Select azole anti-fungals (e.g., itraconazole, ketoconazole, posaconazole, and voriconazole), select macrolide antibiotics (e.g., erythromycin and clarithromycin), select HIV protease inhibitors (e.g., nelfinavir, ritonavir, and darunavir/ritonavir), select HCV protease inhibitors (e.g., boceprevir and telaprevir), cobicistat-containing products, and nefazodone.",https://api.fda.gov/drug/label.json?search=openfda.spl_set_id:%2200896fff-081d-4553-be8c-1999a8a73dda%22,False,,,,,,
simvastatin,SIMVASTATIN,198211,00896fff-081d-4553-be8c-1999a8a73dda,drug_interactions,"Cyclosporine, Danazol, or Gemfibrozil Clinical Impact: The risk of myopathy and rhabdomyolysis is increased with concomitant use of cyclosporine, danazol, or gemfibrozil with simvastatin.",https://api.fda.gov/drug/label.json?search=openfda.spl_set_id:%2200896fff-081d-4553-be8c-1999a8a73dda%22,False,,,,,,
nitrofurantoin,NITROFURANTOIN,311989,04af8b73-7e15-7da8-e063-6294a90af284,contraindications,"4 CONTRAINDICATIONS Nitrofurantoin is contraindicated in: patients with known hypersensitivity to nitrofurantoin [see Warnings and Precautions (5.1)]. patients with a previous history of cholestatic jaundice/hepatic dysfunction associated with nitrofurantoin [see Warnings and Precautions (5.3)]. patients who have anuria, oliguria, or significant impairment of renal function (creatinine clearance under 60 mL per minute or clinically significant elevated serum creatinine) due to an increased risk of toxicity resulting from impaired excretion of the drug [see Warnings and Precautions (5.4)]. pregnant patients at term (38 weeks to 42 weeks gestation), during labor and delivery, or when the onset of labor is imminent and in pediatric patients younger than 1 month of age because of the possibility of hemolytic anemia due to immature erythrocyte enzyme systems (glutathione instability) [see Warnings and Precautions (5.5) and Use in Specific Populations (8.1 and 8.4)].",https://api.fda.gov/drug/label.json?search=openfda.spl_set_id:%2204af8b73-7e15-7da8-e063-6294a90af284%22,True,,,,,,
nitrofurantoin,NITROFURANTOIN,311989,04af8b73-7e15-7da8-e063-6294a90af284,contraindications,Known hypersensitivity to nitrofurantoin.,https://api.fda.gov/drug/label.json?search=openfda.spl_set_id:%2204af8b73-7e15-7da8-e063-6294a90af284%22,False,,,,,,
nitrofurantoin,NITROFURANTOIN,311989,04af8b73-7e15-7da8-e063-6294a90af284,contraindications,(4) History of cholestatic jaundice/hepatic dysfunction associated with nitrofurantoin.,https://api.fda.gov/drug/label.json?search=openfda.spl_set_id:%2204af8b73-7e15-7da8-e063-6294a90af284%22,True,,,,,,
nitrofurantoin,NITROFURANTOIN,311989,04af8b73-7e15-7da8-e063-6294a90af284,contraindications,"(4) Patients who have anuria, oliguria, or significant impairment of renal function (creatinine clearance under 60 mL per minute or clinically significant elevated serum creatinine).",https://api.fda.gov/drug/label.json?search=openfda.spl_set_id:%2204af8b73-7e15-7da8-e063-6294a90af284%22,True,,,,,,
nitrofurantoin,NITROFURANTOIN,311989,04af8b73-7e15-7da8-e063-6294a90af284,contraindications,"(4) Pregnant patients at term (38 weeks to 42 weeks gestation), during labor and delivery, or when the onset of labor is imminent.",https://api.fda.gov/drug/label.json?search=openfda.spl_set_id:%2204af8b73-7e15-7da8-e063-6294a90af284%22,True,,,,,,
nitrofurantoin,NITROFURANTOIN,311989,04af8b73-7e15-7da8-e063-6294a90af284,contraindications,(4) Pediatric Patients under one month of age.,https://api.fda.gov/drug/label.json?search=openfda.spl_set_id:%2204af8b73-7e15-7da8-e063-6294a90af284%22,True,,,,,,
nitrofurantoin,NITROFURANTOIN,311989,04af8b73-7e15-7da8-e063-6294a90af284,contraindications,(4),https://api.fda.gov/drug/label.json?search=openfda.spl_set_id:%2204af8b73-7e15-7da8-e063-6294a90af284%22,True,,,,,,
nitrofurantoin,NITROFURANTOIN,311989,04af8b73-7e15-7da8-e063-6294a90af284,drug_interactions,7 DRUG INTERACTIONS Antacids : Decreased absorption of nitrofurantoin.,https://api.fda.gov/drug/label.json?search=openfda.spl_set_id:%2204af8b73-7e15-7da8-e063-6294a90af284%22,True,,,,,,
nitrofurantoin,NITROFURANTOIN,311989,04af8b73-7e15-7da8-e063-6294a90af284,drug_interactions,(7.1) Uricosuric drugs: Inhibit renal tubular secretion of nitrofurantoin.,https://api.fda.gov/drug/label.json?search=openfda.spl_set_id:%2204af8b73-7e15-7da8-e063-6294a90af284%22,True,,,,,,
nitrofurantoin,NITROFURANTOIN,311989,04af8b73-7e15-7da8-e063-6294a90af284,drug_interactions,"(7.2) 7.1 Antacids Antacids containing magnesium trisilicate, when administered concomitantly with nitrofurantoin, reduce both the rate and extent of absorption.",https://api.fda.gov/drug/label.json?search=openfda.spl_set_id:%2204af8b73-7e15-7da8-e063-6294a90af284%22,True,,,,,,
nitrofurantoin,NITROFURANTOIN,311989,04af8b73-7e15-7da8-e063-6294a90af284,drug_interactions,The mechanism for this interaction probably is adsorption of nitrofurantoin onto the surface of magnesium trisilicate.,https://api.fda.gov/drug/label.json?search=openfda.spl_set_id:%2204af8b73-7e15-7da8-e063-6294a90af284%22,False,,,,,,
nitrofurantoin,NITROFURANTOIN,311989,04af8b73-7e15-7da8-e063-6294a90af284,drug_interactions,"If coadministration of nitrofurantoin with antacids containing magnesium trisilicate cannot be avoided, monitor for lack of efficacy [see Clinical Pharmacology (12.3)] . 7.2 Uricosuric Drugs Uricosuric drugs, such as probenecid and sulfinpyrazone, can inhibit renal tubular secretion of nitrofurantoin.",https://api.fda.gov/drug/label.json?search=openfda.spl_set_id:%2204af8b73-7e15-7da8-e063-6294a90af284%22,True,,,,,,
nitrofurantoin,NITROFURANTOIN,311989,04af8b73-7e15-7da8-e063-6294a90af284,drug_interactions,"The resulting increase in nitrofurantoin serum levels may increase toxicity, and the decreased urinary levels could lessen its efficacy as a urinary tract antibacterial.",https://api.fda.gov/drug/label.json?search=openfda.spl_set_id:%2204af8b73-7e15-7da8-e063-6294a90af284%22,False,,,,,,
nitrofurantoin,NITROFURANTOIN,311989,04af8b73-7e15-7da8-e063-6294a90af284,drug_interactions,"Therefore, monitor for nitrofurantoin adverse reactions when co-administering nitrofurantoin with uricosuric drugs. 7.3 Drug Interference with Laboratory Tests The presence of nitrofurantoin can cause a false-positive reaction for glucose in the urine when using Benedict's or Fehling's copper reduction reaction to determine the amount of reducing substances like glucose in the urine.",https://api.fda.gov/drug/label.json?search=openfda.spl_set_id:%2204af8b73-7e15-7da8-e063-6294a90af284%22,True,,,,,,
nitrofurantoin,NITROFURANTOIN,311989,04af8b73-7e15-7da8-e063-6294a90af284,drug_interactions,Use glucose tests based on enzymatic glucose oxidase reactions to detect glucose in the urine.,https://api.fda.gov/drug/label.json?search=openfda.spl_set_id:%2204af8b73-7e15-7da8-e063-6294a90af284%22,False,,,,,,
ondansetron,ONDANSETRON HYDROCHLORIDE,198052,00327696-c496-4c83-a63e-9e29fd6246d4,contraindications,"4 CONTRAINDICATIONS Ondansetron is contraindicated in patients: known to have hypersensitivity (e.g., anaphylaxis) to ondansetron or any of the components of the formulation [see Adverse Reactions (6.2) ] receiving concomitant apomorphine due to the risk of profound hypotension and loss of consciousness Patients known to have hypersensitivity (e.g., anaphylaxis) to ondansetron or any components of the formulation.",https://api.fda.gov/drug/label.json?search=openfda.spl_set_id:%2200327696-c496-4c83-a63e-9e29fd6246d4%22,True,,,,,,
ondansetron,ONDANSETRON HYDROCHLORIDE,198052,00327696-c496-4c83-a63e-9e29fd6246d4,contraindications,(4) Concomitant use of apomorphine (4),https://api.fda.gov/drug/label.json?search=openfda.spl_set_id:%2200327696-c496-4c83-a63e-9e29fd6246d4%22,True,,,,,,
ondansetron,ONDANSETRON HYDROCHLORIDE,198052,00327696-c496-4c83-a63e-9e29fd6246d4,drug_interactions,"7 DRUG INTERACTIONS 7.1 Serotonergic Drugs Serotonin syndrome (including altered mental status, autonomic instability, and neuromuscular symptoms) has been described following the concomitant use of 5-HT 3 receptor antagonists and other serotonergic drugs, including SSRIs and SNRIs.",https://api.fda.gov/drug/label.json?search=openfda.spl_set_id:%2200327696-c496-4c83-a63e-9e29fd6246d4%22,True,,,,,,
ondansetron,ONDANSETRON HYDROCHLORIDE,198052,00327696-c496-4c83-a63e-9e29fd6246d4,drug_interactions,Monitor for the emergence of serotonin syndrome.,https://api.fda.gov/drug/label.json?search=openfda.spl_set_id:%2200327696-c496-4c83-a63e-9e29fd6246d4%22,False,,,,,,
ondansetron,ONDANSETRON HYDROCHLORIDE,198052,00327696-c496-4c83-a63e-9e29fd6246d4,drug_interactions,"If symptoms occur, discontinue ondansetron and initiate supportive treatment [see Warnings and Precautions ( 5.3) ]. 7.2 Drugs Affecting Cytochrome P-450 Enzymes Ondansetron does not itself appear to induce or inhibit the cytochrome P-450 drug-metabolizing enzyme system of the liver [see Clinical Pharmacology (12.3)].",https://api.fda.gov/drug/label.json?search=openfda.spl_set_id:%2200327696-c496-4c83-a63e-9e29fd6246d4%22,True,,,,,,
ondansetron,ONDANSETRON HYDROCHLORIDE,198052,00327696-c496-4c83-a63e-9e29fd6246d4,drug_interactions,"Because ondansetron is metabolized by hepatic cytochrome P-450 drug-metabolizing enzymes (CYP3A4, CYP2D6, CYP1A2), inducers or inhibitors of these enzymes may change the clearance and, hence, the half-life of ondansetron.",https://api.fda.gov/drug/label.json?search=openfda.spl_set_id:%2200327696-c496-4c83-a63e-9e29fd6246d4%22,True,,,,,,
ondansetron,ONDANSETRON HYDROCHLORIDE,198052,00327696-c496-4c83-a63e-9e29fd6246d4,drug_interactions,"In patients treated with potent inducers of CYP3A4 (i.e., phenytoin, carbamazepine, and rifampin), the clearance of ondansetron was significantly increased and ondansetron blood concentrations were decreased.",https://api.fda.gov/drug/label.json?search=openfda.spl_set_id:%2200327696-c496-4c83-a63e-9e29fd6246d4%22,True,,,,,,
ondansetron,ONDANSETRON HYDROCHLORIDE,198052,00327696-c496-4c83-a63e-9e29fd6246d4,drug_interactions,"However, on the basis of available data, no dosage adjustment for ondansetron is recommended for patients on these drugs [see Clinical Pharmacology ( 12.3 )]. 7.3 Tramadol Although no pharmacokinetic drug interaction between ondansetron and tramadol has been observed, data from 2 small trials indicate that when used together, ondansetron may increase patient-controlled administration of tramadol.",https://api.fda.gov/drug/label.json?search=openfda.spl_set_id:%2200327696-c496-4c83-a63e-9e29fd6246d4%22,True,,,,,,
ondansetron,ONDANSETRON HYDROCHLORIDE,198052,00327696-c496-4c83-a63e-9e29fd6246d4,drug_interactions,"Monitor patients to ensure adequate pain control when ondansetron is administered with tramadol. 7.4 Chemotherapy Carmustine, etoposide, and cisplatin do not affect the pharmacokinetics of ondansetron.",https://api.fda.gov/drug/label.json?search=openfda.spl_set_id:%2200327696-c496-4c83-a63e-9e29fd6246d4%22,True,,,,,,
ondansetron,ONDANSETRON HYDROCHLORIDE,198052,00327696-c496-4c83-a63e-9e29fd6246d4,drug_interactions,"In a crossover trial in 76 pediatric patients, intravenous ondansetron did not increase systemic concentrations of high-dose methotrexate. 7.5 Alfentanil and Atracurium Ondansetron does not alter the respiratory depressant effects produced by alfentanil or the degree of neuromuscular blockade produced by atracurium.",https://api.fda.gov/drug/label.json?search=openfda.spl_set_id:%2200327696-c496-4c83-a63e-9e29fd6246d4%22,True,,,,,,
ondansetron,ONDANSETRON HYDROCHLORIDE,198052,00327696-c496-4c83-a63e-9e29fd6246d4,drug_interactions,Interactions with general or local anesthetics have not been studied.,https://api.fda.gov/drug/label.json?search=openfda.spl_set_id:%2200327696-c496-4c83-a63e-9e29fd6246d4%22,False,,,,,,
